token,pc1,pc2
the,0.004392657428979874,0.18968135118484497
of,0.28905975818634033,0.5363922119140625
num,0.6956518292427063,0.4669341742992401
and,-0.3072115182876587,-0.21289722621440887
to,0.19493815302848816,-0.3205626904964447
in,0.4109745919704437,-0.07724574953317642
china,0.12928545475006104,0.004009914118796587
s,0.14732764661312103,0.24988426268100739
on,-0.203738272190094,0.7895764708518982
a,-0.06135964393615723,-0.1408439725637436
covid,0.7370965480804443,0.1843564212322235
chinese,0.2568914592266083,0.6690536737442017
for,0.20646126568317413,-0.26025694608688354
is,0.2521451413631439,-0.5210621356964111
with,-0.1325276494026184,0.19928617775440216
vaccine,0.7778515219688416,0.26812636852264404
by,0.5549249053001404,0.5778638124465942
philippines,-0.23426784574985504,0.3229673206806183
that,-0.26441875100135803,-0.3095749318599701
has,0.7201887369155884,-0.16561125218868256
as,0.25794100761413574,-0.526099443435669
from,0.45769187808036804,0.1867959052324295
said,-0.363400936126709,0.5786896347999573
us,-0.4203883111476898,-0.29639992117881775
will,0.01847345381975174,-0.4861454963684082
at,-0.41075482964515686,0.4095461666584015
are,-0.11355717480182648,-0.48921483755111694
vaccines,0.8371551036834717,0.22401683032512665
people,0.2611907720565796,0.054354675114154816
its,0.6488735675811768,-0.2277332991361618
more,0.44340643286705017,-0.06391603499650955
sinovac,0.7157105207443237,0.4900248348712921
it,0.15351659059524536,-0.5584554672241211
cgtnofficial,0.4622228443622589,-0.29910558462142944
first,0.7908240556716919,0.4237075448036194
have,0.684605062007904,-0.2605471909046173
this,-0.05330073833465576,-0.24175384640693665
be,0.397477388381958,-0.49184292554855347
countries,0.16768591105937958,-0.5430624485015869
president,-0.5946979522705078,0.552729070186615
ambassador,-0.27519330382347107,0.6442703604698181
philippine,-0.2882935702800751,0.5619024038314819
world,0.17115134000778198,-0.27558183670043945
against,0.39082980155944824,-0.1250690072774887
government,0.07601576298475266,0.49493515491485596
an,-0.3677334785461426,0.28044945001602173
million,0.776328980922699,0.42947861552238464
foreign,-0.4804336726665497,0.43156567215919495
medical,0.4440805912017822,0.40197333693504333
year,0.303838312625885,0.2039175182580948
coronavirus,0.7947213053703308,-0.1859009861946106
pandemic,0.3659549057483673,-0.2751145362854004
country,0.4742750823497772,-0.10226280242204666
been,0.7114362716674805,-0.22497344017028809
health,0.023134270682930946,0.6070667505264282
new,0.33987507224082947,-0.373346209526062
global,0.03548947721719742,-0.32320964336395264
who,0.0258298572152853,0.05147908627986908
over,0.5613202452659607,0.4370959401130676
cooperation,-0.5987308621406555,-0.15342970192432404
minister,-0.3238961398601532,0.5573698878288269
doses,0.8242011070251465,0.43516045808792114
national,0.010869346559047699,0.6560392379760742
which,0.414154052734375,-0.49873363971710205
not,0.01744714565575123,-0.7020809650421143
was,-0.0869474709033966,0.05129118636250496
city,0.21225392818450928,0.5811318159103394
fight,0.30715805292129517,-0.15670093894004822
huang_xilian,-0.22689658403396606,0.7292106747627258
about,0.2407744973897934,-0.3803415596485138
two,0.5029608011245728,-0.0761091336607933
all,-0.00889134593307972,-0.5713310241699219
than,0.47900429368019104,0.034030091017484665
other,-0.03346650302410126,-0.6045292019844055
we,-0.19716912508010864,-0.6553868651390076
their,0.3723876476287842,-0.22393791377544403
epidemic,0.22182004153728485,-0.2421894520521164
xinjiang,-0.2051599770784378,-0.24599213898181915
what,-0.18719489872455597,-0.22125647962093353
help,-0.018878713250160217,-0.42708534002304077
after,0.7360566258430481,0.2842383086681366
international,-0.4009724259376526,-0.29215094447135925
his,-0.4799077808856964,0.642412006855011
developed,0.7917901873588562,0.3945084512233734
secretary,-0.6043630838394165,0.6691797375679016
up,0.3779031038284302,-0.388886034488678
donated,0.46290868520736694,0.6416181921958923
development,-0.24868237972259521,-0.17663738131523132
video,-0.6542832851409912,0.19666844606399536
manila,0.03500254079699516,0.5264278054237366
out,-0.27848508954048157,-0.5485162138938904
chinese_embassy,-0.1802089512348175,0.7094612121582031
support,-0.186780646443367,-0.00848905835300684
virus,0.43430373072624207,-0.36834123730659485
he,-0.6006726622581482,0.2772270143032074
percent,0.5792475342750549,0.2748296558856964
no,0.24620868265628815,-0.5682377219200134
time,0.1183369904756546,-0.3570954203605652
wuhan,0.39353927969932556,-0.13200969994068146
read,-0.010701027698814869,0.05133024603128433
one,0.5255376696586609,-0.28990235924720764
also,-0.29016903042793274,-0.2183590978384018
some,-0.17689354717731476,-0.07838437706232071
media,-0.5060208439826965,0.11678236722946167
economic,-0.3971792161464691,-0.1958000659942627
thursday,-0.24330507218837738,0.7294116020202637
beijing,0.12057535350322723,0.2692248821258545
during,-0.19923442602157593,0.1381411999464035
sinopharm,0.7403340935707092,0.4170306921005249
can,0.18860690295696259,-0.6818345189094543
monday,-0.4128880798816681,0.5477639436721802
how,-0.006473854184150696,-0.5769193768501282
expert,0.07865246385335922,0.47299838066101074
received,0.736466646194458,0.4389205276966095
so,0.3335062861442566,-0.495673805475235
speech,-0.3595049977302551,0.3408861756324768
cases,0.7757946848869324,-0.13298426568508148
between,-0.570967972278595,-0.11169078201055527
according,0.2585814297199249,0.5285739898681641
you,-0.4447041451931,-0.47578567266464233
our,-0.22495414316654205,-0.5103294253349304
but,0.006475352682173252,-0.6720497012138367
xi_jinping,-0.49107804894447327,0.4157665967941284
official,-0.20425370335578918,0.5613657236099243
masks,0.45983070135116577,0.4977129399776459
team,0.1464635133743286,0.4345044195652008
public,-0.18902479112148285,0.15491871535778046
made,0.26488348841667175,0.05091178044676781
work,-0.3749005198478699,-0.30953410267829895
general,-0.3879004418849945,0.642562747001648
wang_yi,-0.5291644334793091,0.42661112546920776
they,0.14248089492321014,-0.4668521583080292
trade,-0.5025118589401245,0.08991773426532745
here,-0.37149545550346375,0.13793253898620605
use,0.7455349564552307,0.2048535943031311
huang,-0.3743196725845337,0.5041629076004028
wednesday,0.08419348299503326,0.7306795120239258
second,0.7303397059440613,0.2757216691970825
high,-0.07646279782056808,0.13340367376804352
full,-0.4503166377544403,-0.05640391260385513
spokesperson,-0.4276859760284424,0.66222083568573
had,0.6099692583084106,0.1408274918794632
day,0.22417640686035156,0.021204957738518715
would,-0.011075167916715145,-0.41374924778938293
asean,-0.33487576246261597,-0.30373698472976685
friday,-0.2529025971889496,0.6240128874778748
batch,0.71054607629776,0.5469029545783997
or,0.2708442211151123,-0.48742008209228516
vaccination,0.5604856014251709,0.16052143275737762
should,-0.0371197871863842,-0.64710932970047
online,-0.5100557804107666,0.3240593373775482
economy,0.3070019483566284,-0.34125804901123047
billion,0.6530721783638,0.29582104086875916
province,0.007689782418310642,0.38385552167892456
good,-0.14470170438289642,-0.46727806329727173
ministry,-0.0954056829214096,0.7104262709617615
i,-0.2627997100353241,-0.4350852072238922
data,0.07623715698719025,0.3615023195743561
test,0.6813328862190247,0.26475176215171814
held,-0.5961284637451172,0.5554267764091492
th,-0.39950019121170044,0.5391501784324646
including,0.5027910470962524,0.12539522349834442
now,0.4715541899204254,-0.3327893614768982
tuesday,-0.2575627565383911,0.6322898268699646
arrived,0.6529160737991333,0.5472778081893921
human,-0.15960575640201569,-0.17882008850574493
could,0.1765737235546112,-0.5166404843330383
report,-0.3457275629043579,0.08984509110450745
chief,-0.4578501582145691,0.30415916442871094
into,0.30748656392097473,-0.16853532195091248
chinese_state_councilor,-0.3545597791671753,0.2782062590122223
local,0.08286471664905548,0.041554950177669525
experts,0.022394081577658653,0.1368558704853058
relations,-0.645617663860321,0.2393040657043457
only,0.1611252874135971,-0.6311560869216919
emergency,0.7494447231292725,0.298565536737442
efforts,-0.11248863488435745,-0.35755228996276855
pompeo,-0.18896009027957916,0.1244758889079094
control,0.11172747611999512,-0.24677954614162445
news,-0.32453322410583496,0.15512654185295105
march,0.3752676844596863,0.7193279266357422
being,0.266692578792572,-0.24068528413772583
rights,-0.24029797315597534,-0.20007112622261047
fact,-0.1087903082370758,-0.032728392630815506
trials,0.7535917162895203,0.09775789827108383
when,-0.3374682366847992,-0.06397833675146103
years,0.27657246589660645,0.0004165342834312469
indonesia,0.5064765810966492,0.24848757684230804
effective,0.7285702228546143,-0.03495604172348976
her,-0.034095749258995056,-0.2556679844856262
region,-0.3908843696117401,-0.2964995205402374
state,-0.31072771549224854,0.5888748168945312
through,-0.3602205812931061,-0.3420923948287964
poverty,-0.11131183058023453,-0.38083603978157043
says,-0.19941988587379456,-0.08442585915327072
security,-0.31944602727890015,0.02171819470822811
workers,0.49440595507621765,0.3205306828022003
were,0.6247135400772095,0.11944756656885147
supplies,0.5021958351135254,0.2307249903678894
together,-0.2065436840057373,-0.2534674406051636
well,0.09033937007188797,-0.42172983288764954
sunday,-0.022875213995575905,0.5197286009788513
saturday,-0.15293194353580475,0.6218765377998352
under,0.038002368062734604,-0.11393824964761734
such,0.12637658417224884,-0.42456570267677307
times,0.03528537601232529,-0.2304435670375824
united,-0.44885751605033875,-0.17684702575206757
related,-0.22503967583179474,-0.06406672298908234
community,-0.43183934688568115,-0.3621278405189514
xi,-0.5572451949119568,0.19857443869113922
recovery,-0.1552734673023224,-0.2930949032306671
clinical,0.7913314700126648,0.11362601071596146
may,0.38581082224845886,-0.06831956654787064
2,0.5686104893684387,0.3591277003288269
g,-0.05114438384771347,0.02143280580639839
there,0.022094212472438812,-0.46166807413101196
future,-0.49353155493736267,-0.28956523537635803
do,-0.22228223085403442,-0.6033464074134827
true,-0.2295311689376831,-0.10680625587701797
make,-0.065193772315979,-0.5558136105537415
shared,-0.49754956364631653,-0.13923108577728271
filipino,-0.11510144174098969,0.1455802470445633
april,0.21364760398864746,0.5676547288894653
amid,0.42890316247940063,-0.2541334629058838
called,-0.4800386428833008,0.01719520427286625
truth,-0.08796984702348709,0.08603175729513168
friendship,-0.20293502509593964,0.027818161994218826
food,0.33656415343284607,-0.11990433186292648
conference,-0.6178267598152161,0.46136823296546936
kits,0.6329876184463501,0.24158978462219238
production,0.6574985980987549,-0.0788719654083252
total,0.7453869581222534,0.22202791273593903
hospital,0.01648123376071453,0.08201847225427628
brazil,0.5269440412521362,0.17729242146015167
need,-0.03639363870024681,-0.5331447124481201
most,-0.000635754142422229,-0.34125256538391113
delivered,-0.2826473116874695,0.4580036401748657
department,-0.33558064699172974,0.6864244341850281
outbreak,0.5763480067253113,-0.26158466935157776
response,0.2107527256011963,-0.0032010814175009727
end,0.5420647859573364,0.19965171813964844
ceremony,-0.2705269753932953,0.6284142136573792
your,-0.38825464248657227,-0.2982330024242401
any,-0.07053801417350769,-0.5355592966079712
approved,0.6704428195953369,0.22763477265834808
project,-0.03618692606687546,-0.017930496484041214
growth,0.09416107088327408,-0.13713496923446655
key,-0.4021909832954407,-0.05174770951271057
announced,-0.16469083726406097,0.5464181900024414
wangyi,-0.43846577405929565,0.2771620750427246
statement,-0.4723986089229584,0.5074301958084106
prevention,0.2098105102777481,-0.18201833963394165
system,-0.4160577356815338,-0.07170123606920242
press,-0.5365761518478394,0.49634701013565063
meeting,-0.6255572438240051,0.28057754039764404
novel,0.5273796916007996,-0.3250334560871124
company,0.4579373300075531,0.41768714785575867
sinovac_biotech,0.7195583581924438,0.40879136323928833
group,0.3388981521129608,0.31934747099876404
hong_kong,-0.4284028112888336,0.04925509914755821
anti,0.19530712068080902,-0.10868778079748154
protective,0.5332260131835938,0.26123857498168945
testing,0.5260637998580933,-0.14064499735832214
embassy,-0.27543678879737854,0.28556349873542786
across,0.24867746233940125,-0.057652220129966736
turkey,0.49567627906799316,0.39507389068603516
huawei,-0.038078512996435165,-0.11708919703960419
via,-0.5984485149383545,0.2847541868686676
number,0.2599196434020996,-0.012336649000644684
better,-0.1661737859249115,-0.4269634187221527
based,0.16060695052146912,-0.01743963547050953
states,-0.2959798276424408,-0.23365040123462677
5,0.3963938057422638,0.12559352815151215
bridge,0.01788591966032982,-0.035762567073106766
three,0.40545594692230225,0.029905058443546295
information,-0.13103674352169037,0.03890291228890419
officials,-0.20226214826107025,0.08179683238267899
continue,-0.26338136196136475,-0.4145441949367523
top,-0.018326282501220703,-0.09480657428503036
reported,0.45475050806999207,-0.09295346587896347
remarks,-0.6192572712898254,0.41314828395843506
disease,0.3950371742248535,-0.07068315893411636
hospitals,0.22888822853565216,-0.15663494169712067
september,-0.006108270026743412,0.610579788684845
western,-0.2405814826488495,-0.32734450697898865
early,0.3338547348976135,0.0023058324586600065
them,-0.12829916179180145,-0.35202717781066895
yuan,0.6375837922096252,0.26729217171669006
june,0.023611370474100113,0.6226285696029663
research,0.4105715751647949,-0.0761619284749031
investment,-0.36703646183013916,0.1628963202238083
since,0.5000951886177063,-0.004576543811708689
many,0.1709255874156952,-0.49916622042655945
assistance,0.10146302729845047,-0.14777831733226776
duterte,-0.46247613430023193,0.3943949341773987
false,-0.17027221620082855,-0.07505150139331818
trump,0.034743115305900574,-0.28076502680778503
provide,0.15592029690742493,-0.34599822759628296
see,-0.4326193928718567,-0.32665306329727173
coronavac,0.6835610866546631,0.4847731292247772
expected,0.5808706879615784,-0.09134984761476517
start,0.47815677523612976,-0.0869101732969284
phase,0.7100871801376343,0.1670248955488205
asian,-0.0163086149841547,-0.3285895884037018
take,-0.17952609062194824,-0.29549846053123474
always,-0.2622224688529968,-0.31413596868515015
using,0.3626422584056854,-0.06767843663692474
nt,-0.19916217029094696,-0.5508971810340881
program,0.2984093725681305,0.29804596304893494
january,0.267667680978775,0.6291792392730713
the_south_china_sea,-0.3250393271446228,-0.1302751898765564
both,-0.3393896520137787,-0.13140593469142914
dr,-0.4595058858394623,0.4462677240371704
1,0.568107008934021,0.3541633188724518
administration,0.11757990717887878,0.22359569370746613
days,0.5044809579849243,0.17323897778987885
among,0.4853043258190155,-0.12957024574279785
rice,0.43942710757255554,0.3629680573940277
republic,0.08827267587184906,0.4752242863178253
affairs,-0.5367388129234314,0.21893329918384552
around,0.4463914930820465,-0.15931260585784912
just,0.0942450687289238,-0.20680829882621765
launched,0.13422344624996185,0.11473652720451355
fighting,0.1399751752614975,-0.2108430117368698
law,-0.3892420530319214,-0.2125682681798935
festival,0.004308197647333145,-0.0007788025541231036
nations,-0.27165478467941284,-0.14892496168613434
last,0.3521796464920044,0.22577278316020966
each,-0.04794802516698837,-0.5696319341659546
overcome,-0.16358055174350739,-0.2601670026779175
m,0.3218897879123688,0.22342652082443237
morning,0.021823344752192497,0.5171908140182495
set,0.35190629959106445,-0.11968471854925156
companies,-0.1205306202173233,-0.22256293892860413
mayor,-0.30181369185447693,0.4588063061237335
dose,0.6647238731384277,0.5232633352279663
long,0.19347529113292694,-0.3510187268257141
before,0.33952251076698303,-0.12877531349658966
look,-0.3198662996292114,0.007565896026790142
political,-0.28564539551734924,-0.2519780099391937
versus,-0.08939078450202942,0.14648273587226868
link,-0.5726718306541443,0.21708132326602936
3,0.5144579410552979,0.31739258766174316
part,0.16614337265491486,-0.16089855134487152
expressed,-0.45799151062965393,0.23423966765403748
these,-0.3391200304031372,-0.18154433369636536
hongkong,-0.42197853326797485,0.019235093146562576
matters,-0.1979917585849762,-0.1630040556192398
capital,0.25417977571487427,0.48668912053108215
life,0.09987714886665344,-0.183125838637352
interview,-0.39347442984580994,0.498290479183197
largest,0.20555844902992249,-0.11941443383693695
capacity,0.679221510887146,-0.13322044909000397
vaccinated,0.48045289516448975,-0.08093500137329102
hope,-0.11014281213283539,-0.33802133798599243
safe,0.21923032402992249,-0.3152543008327484
technology,-0.15924684703350067,0.099275603890419
summit,-0.5674797296524048,0.2390540987253189
check,-0.32130560278892517,-0.31088387966156006
market,0.11279412358999252,-0.3008069097995758
like,0.16298091411590576,-0.3290961980819702
regional,-0.4269329607486725,-0.23108866810798645
great,-0.0850396528840065,-0.3001597821712494
major,0.13412611186504364,-0.3271493911743164
if,0.07402418553829193,-0.5125592350959778
live,-0.23452946543693542,0.023788752034306526
side,-0.08676518499851227,-0.260858952999115
jointly,-0.3201327621936798,0.17704139649868011
battle,0.2328128218650818,-0.24019594490528107
firmly,-0.4416239261627197,-0.11407680064439774
treatment,0.39955881237983704,-0.08119826018810272
domestic,0.2711578607559204,-0.02690557949244976
climate,-0.4315418004989624,0.046434737741947174
industry,-0.28495875000953674,0.40889087319374084
even,0.011989223770797253,-0.3863976299762726
while,-0.025341665372252464,0.025098267942667007
jan,0.07667156308889389,0.5457772016525269
bilateral,-0.5044922828674316,-0.06720001995563507
center,-0.04236787185072899,0.2334667146205902
back,0.05522394925355911,-0.09204692393541336
inactivated,0.7061840891838074,0.16711418330669403
get,0.16162292659282684,-0.35615748167037964
commerce,-0.413590669631958,0.5031776428222656
vice,-0.45251670479774475,0.5649144053459167
let,-0.17318135499954224,-0.29949602484703064
foreign_ministry,-0.3746487498283386,0.565185546875
forum,-0.5811932682991028,0.2755815088748932
providing,0.40124067664146423,-0.10530194640159607
diplomatic,-0.5304170846939087,0.23775114119052887
senior,-0.2128615826368332,0.3752250373363495
making,0.11594507843255997,-0.2762039005756378
electoral,-0.47881609201431274,-0.062328364700078964
spread,0.21351125836372375,-0.426108181476593
because,0.049876339733600616,-0.521999180316925
twisting,-0.10076405853033066,0.13393568992614746
four,-0.14035426080226898,-0.02564319409430027
issues,-0.42074403166770935,-0.18506655097007751
population,0.5786309838294983,0.11666932702064514
another,0.6902655959129333,0.2877335846424103
where,-0.05236465856432915,-0.34755608439445496
asia,-0.3789159059524536,-0.15767408907413483
showed,-0.13953307271003723,0.4126221835613251
far,0.5250087380409241,-0.24689960479736328
working,0.01954253949224949,-0.3584615886211395
does,-0.0672648698091507,-0.5198884606361389
mass,0.5446636080741882,0.009093912318348885
situation,-0.21191756427288055,-0.2761625349521637
safety,-0.004778353031724691,-0.10181884467601776
today,0.21277223527431488,-0.05223932862281799
experience,-0.053407419472932816,-0.2977336049079895
shanghai,-0.034822557121515274,-0.01767628639936447
very,0.013153686188161373,-0.33487898111343384
trial,0.7099854350090027,0.2283898890018463
4,0.23969565331935883,0.27803876996040344
approval,0.6445818543434143,0.1359003782272339
level,-0.31922340393066406,0.08356267958879471
organization,-0.236191987991333,0.14806091785430908
firm,0.5575240850448608,0.2546713054180145
receive,0.5325213074684143,0.33328747749328613
doh,-0.3797142207622528,0.4695567786693573
highlights,-0.36951789259910583,0.2696099877357483
february,0.14180666208267212,0.5485142469406128
challenges,0.0636211484670639,-0.21316955983638763
post,-0.02598399482667446,0.0653911754488945
within,0.35168227553367615,-0.055680930614471436
peace,-0.4523007869720459,-0.1954803168773651
line,-0.00623212568461895,-0.0823032408952713
following,0.000413945090258494,0.22769880294799805
november,0.09899182617664337,-0.0410657599568367
positive,0.2960558831691742,-0.4300523102283478
increase,0.17289111018180847,-0.06064402684569359
hit,0.1819702386856079,0.024352815002202988
supply,0.49879008531570435,-0.10285855084657669
agreement,-0.19324031472206116,-0.11379148066043854
measures,0.185715913772583,-0.3095291554927826
soon,0.09252170473337173,-0.33540651202201843
leading,0.05024639517068863,-0.06507083773612976
month,0.3223239481449127,0.1490640491247177
thailand,0.30556610226631165,0.3210723102092743
recent,-0.1191689595580101,-0.06915135681629181
further,-0.1959078162908554,-0.2470868080854416
started,0.36217814683914185,0.2485262155532837
role,-0.15209603309631348,-0.1801782250404358
happy,-0.1350448578596115,-0.15160097181797028
attended,-0.3831191658973694,0.45511892437934875
authorities,-0.10161305963993073,0.19933132827281952
willing,-0.09780731052160263,-0.2893570363521576
lies,-0.2013349086046219,-0.1540617197751999
released,-0.2968374788761139,0.17758291959762573
still,0.05339457839727402,-0.3663477897644043
science,-0.2813255786895752,0.10270737111568451
former,-0.5065165162086487,0.45767202973365784
event,-0.25861480832099915,0.05431094393134117
office,-0.334818959236145,0.33782657980918884
facts,0.1200103834271431,-0.39812514185905457
9,0.10756620019674301,0.4398878514766693
those,0.151113823056221,-0.3332493305206299
recently,0.14114093780517578,0.19176450371742249
candidate,0.6138312220573425,0.28507858514785767
administered,0.6585620045661926,0.15835824608802795
war,0.005981640424579382,-0.22156842052936554
american,-0.06961344182491302,-0.25131547451019287
signed,-0.10875757038593292,0.24828405678272247
found,0.30652180314064026,-0.21633535623550415
five,0.1786004900932312,0.0636238157749176
european,0.017497362568974495,0.007036163471639156
personal,0.4054146409034729,0.31505805253982544
works,-0.254647433757782,0.029282398521900177
find,-0.2954271137714386,-0.34621551632881165
way,-0.02061646245419979,-0.3071024715900421
director,-0.24992267787456512,0.2880886197090149
win,-0.12245786935091019,-0.3356458842754364
scientists,0.04384662210941315,-0.18393485248088837
next,0.29871031641960144,0.006490384694188833
best,-0.02899041213095188,-0.4323574900627136
spring,0.006671002134680748,-0.09738609939813614
open,0.0008680362952873111,-0.37667199969291687
products,0.09437599033117294,0.1447875052690506
visit,-0.3773259222507477,0.3475385904312134
8,-0.05435190349817276,0.3938206136226654
common,-0.1287187784910202,-0.3692393898963928
anniversary,-0.42356956005096436,0.38760000467300415
free,0.13362668454647064,-0.24940375983715057
difficulties,-0.19898992776870728,-0.14551076292991638
surgical,0.4129753112792969,0.4287080466747284
welcome,-0.30158987641334534,-0.1321861445903778
cpc,0.06665001809597015,-0.0035974353086203337
provided,0.30767151713371277,-0.12601324915885925
study,0.07492125779390335,0.12625600397586823
ready,-0.061326801776885986,-0.2346934825181961
past,0.24948984384536743,-0.09904584288597107
already,0.5047529935836792,0.09862957149744034
join,-0.33623170852661133,-0.047129902988672256
ties,-0.3991852104663849,-0.04507363960146904
power,-0.13113802671432495,-0.10340891778469086
opening,-0.4589856266975403,0.18716266751289368
south,-0.013466003350913525,0.019421754404902458
agency,-0.09481331706047058,0.3298377990722656
road,-0.0501403845846653,0.006845650728791952
hands,-0.2753051519393921,-0.18891717493534088
shows,0.19507808983325958,-0.11327352374792099
aid,0.33716318011283875,-0.05538335070014
donation,0.27800294756889343,0.3099065124988556
iii,0.5846381187438965,0.1528506875038147
latest,0.12987148761749268,0.23663586378097534
policy,-0.474752813577652,0.2093440443277359
week,0.1527009755373001,0.09237965941429138
era,0.073665089905262,-0.2704300880432129
the_chinese_consulate,-0.037811897695064545,0.4435511827468872
much,0.11407559365034103,-0.36946341395378113
please,-0.1970735341310501,-0.05760252848267555
trillion,0.5108758807182312,0.10843148082494736
due,0.3933461904525757,-0.14514409005641937
patients,0.3717471659183502,-0.14590176939964294
down,-0.05078277364373207,-0.20174352824687958
did,-0.17631471157073975,-0.4416334927082062
fast,0.4455091059207916,0.0798899456858635
winter,-0.09035150706768036,0.04740661010146141
know,-0.2732030749320984,-0.4083647131919861
mexico,0.5104951858520508,0.2615409195423126
shipment,0.6345491409301758,0.3379725515842438
same,0.03308536484837532,-0.05342744663357735
possible,0.018809771165251732,-0.38208988308906555
added,-0.3024282455444336,-0.004715104587376118
important,-0.08179420977830887,-0.24721843004226685
change,-0.33680856227874756,-0.08543667197227478
daily,0.026960019022226334,-0.0016630389727652073
reports,-0.20065715909004211,-0.10004294663667679
right,-0.1634775996208191,-0.28301411867141724
despite,0.179070845246315,-0.03731492906808853
central,-0.2196568101644516,0.23605909943580627
tech,0.04579858481884003,0.07526689767837524
pacific,-0.3699493110179901,-0.12098630517721176
joint,-0.3568127751350403,0.09048569947481155
used,0.3614819347858429,-0.37741345167160034
results,0.4029340147972107,-0.07060213387012482
drug,0.18142801523208618,0.2256436049938202
interests,-0.11441382765769958,-0.37177082896232605
hk,-0.2403908520936966,-0.027195584028959274
views,-0.45420947670936584,0.19915072619915009
told,-0.2243868112564087,0.15465794503688812
earlier,0.10808178037405014,0.06646381318569183
she,-0.21665680408477783,-0.19746015965938568
consul,-0.22011011838912964,0.48394209146499634
family,-0.3907400965690613,-0.02979934588074684
every,-0.10206481069326401,-0.41012775897979736
share,-0.0689818486571312,-0.15402646362781525
uae,0.27789807319641113,0.08338090032339096
containing,0.20702266693115234,-0.18608741462230682
mr,-0.3537258505821228,0.5139753818511963
confirmed,0.5064471364021301,0.09317222237586975
plan,0.29075855016708374,0.00935081671923399
efficacy,0.53053879737854,0.07766762375831604
believe,-0.1705392301082611,-0.42278003692626953
prime,-0.30161845684051514,0.533152163028717
build,-0.20191887021064758,-0.13784129917621613
developing,0.28314125537872314,-0.3280557692050934
access,0.14658288657665253,-0.29796162247657776
demand,0.19334323704242706,-0.18584655225276947
equipment,0.3913460075855255,0.12931501865386963
xijinping,-0.4762985408306122,0.24144436419010162
thank,-0.4558705687522888,-0.25150465965270996
arrive,0.4538971185684204,0.1718665361404419
diplomats,-0.21648071706295013,-0.06630713492631912
wang,-0.3303605616092682,0.263349711894989
lockdown,0.24362339079380035,-0.04509728401899338
completed,0.11620251834392548,-0.23068635165691376
leaders,-0.30953624844551086,0.0030992093961685896
hubei,0.2659798860549927,0.07052011787891388
third,0.10231922566890717,0.1490839719772339
alleviation,-0.10164520889520645,-0.25003179907798767
answer,-0.3352734446525574,-0.26514413952827454
sharing,-0.13160793483257294,-0.15571527183055878
decision,-0.14713706076145172,-0.005180899985134602
close,-0.2540745437145233,-0.24578872323036194
scientific,-0.05123324319720268,-0.17064151167869568
receives,0.44820380210876465,0.38588908314704895
text,-0.3639160692691803,0.013850404880940914
executive,-0.44906121492385864,0.21740537881851196
hksar,-0.31687432527542114,-0.11875863373279572
order,-0.1857576072216034,-0.2191072255373001
solidarity,-0.3243890106678009,-0.12567634880542755
met,-0.35118329524993896,0.5141289830207825
sides,-0.2351166307926178,-0.04972761869430542
victory,-0.09098127484321594,-0.12644875049591064
challenge,0.057192761451005936,-0.31892257928848267
relief,0.2839750051498413,0.17622709274291992
speed,-0.0433540977537632,-0.0870889201760292
current,-0.15441709756851196,-0.3317331075668335
tiktok,-0.17602305114269257,-0.16701756417751312
pieces,0.3890359699726105,0.3851732313632965
least,0.1301621049642563,0.06825500726699829
turkish,0.12375940382480621,0.5095183849334717
chain,0.1761590540409088,-0.09721560031175613
malaysia,0.12103744596242905,0.24827490746974945
gdp,0.37778201699256897,0.13946399092674255
egypt,0.4179680049419403,0.18019579350948334
members,-0.09592189639806747,-0.13129670917987823
rose,0.1860264539718628,0.21586892008781433
standards,0.09233203530311584,-0.27274981141090393
airport,-0.22271235287189484,0.1670273095369339
along,-0.07710663229227066,-0.04090274125337601
quarter,0.22433927655220032,0.14688441157341003
series,-0.21020229160785675,-0.015688803046941757
talk,0.006974137853831053,0.10521390289068222
uk,0.051640529185533524,-0.1437712460756302
feb,0.0483187697827816,0.41533857583999634
groups,0.35987356305122375,-0.017839742824435234
issue,-0.14046674966812134,-0.06329673528671265
crisis,-0.05345553159713745,-0.38312196731567383
initiative,-0.36508142948150635,-0.1131477952003479
my,-0.29894426465034485,-0.2517082095146179
talks,-0.291866660118103,0.1750001758337021
white,-0.18200892210006714,0.16553112864494324
projects,0.01529574766755104,-0.277382493019104
pharmaceutical,0.5317779183387756,0.3603203296661377
amp,-0.28544193506240845,0.0367913581430912
special,-0.3760544955730438,-0.0038046175613999367
visited,-0.25733572244644165,0.24653440713882446
nation,0.03816823661327362,-0.1551639884710312
sea,-0.05673014745116234,-0.23431265354156494
become,0.08048270642757416,-0.14379431307315826
helping,0.024239927530288696,-0.2823099195957184
off,0.14336027204990387,0.1069745421409607
protect,-0.039985693991184235,-0.241354301571846
shot,0.35411810874938965,0.32750198245048523
priority,0.21369324624538422,-0.2953442335128784
risk,0.33441075682640076,-0.12324919551610947
again,-0.1651086062192917,-0.05220850929617882
governor,-0.04784386232495308,0.2707309424877167
families,-0.04929158464074135,-0.1068403348326683
exchanges,-0.16617226600646973,-0.17744578421115875
face,0.4022785723209381,0.018276330083608627
pesos,0.5335631370544434,0.30613651871681213
manufacturing,0.23010146617889404,-0.00929688848555088
never,-0.2342536896467209,-0.3242906928062439
front,0.059198491275310516,-0.05370357260107994
residents,0.2072681486606598,-0.14534780383110046
old,0.10283880680799484,0.01855006441473961
different,-0.06209403648972511,-0.20480015873908997
citizens,0.01629815436899662,-0.062031131237745285
provincial,-0.03437313064932823,0.21061238646507263
promote,-0.04359511658549309,-0.16030661761760712
police,-0.22486154735088348,0.22823524475097656
led,0.06704336404800415,0.023188268765807152
social,-0.22631573677062988,-0.060165420174598694
difficult,-0.11989740282297134,-0.265272319316864
uygur,-0.15559569001197815,-0.1283969134092331
once,0.09404692053794861,-0.11737574636936188
stage,0.35326245427131653,-0.0801466852426529
rate,0.3578587472438812,-0.0008088559843599796
southeast,-0.05768667161464691,-0.20609118044376373
leadership,-0.3572106659412384,0.06337445229291916
granted,0.3460690677165985,0.07561986893415451
strengthen,-0.3833353817462921,-0.25997695326805115
caused,0.3312321901321411,-0.2885110676288605
japan,-0.016993051394820213,-0.11089891940355301
laoag,0.11930638551712036,0.38910359144210815
university,-0.15741409361362457,0.3433733582496643
issued,-0.17643162608146667,0.22914239764213562
teodoro_locsin,-0.5271772742271423,0.45318081974983215
head,-0.17426694929599762,0.24395577609539032
councilor,-0.3722616732120514,0.401256263256073
go,-0.17920196056365967,-0.17781893908977509
bank,0.1160639077425003,0.053376711905002594
east,-0.09434694796800613,0.016209015622735023
relevant,-0.20198574662208557,-0.1135600283741951
mutual,-0.3085343539714813,-0.1910502314567566
must,-0.119565948843956,-0.25039583444595337
effects,0.1395193189382553,-0.3177455961704254
am,0.16761359572410583,0.24126005172729492
premier,-0.38291531801223755,0.39370787143707275
ilocos_norte,-0.15269187092781067,0.2544533312320709
behalf,-0.2593899369239807,0.5052803754806519
coming,0.029671119526028633,-0.25056055188179016
mask,0.2912510633468628,0.05358925089240074
dollars,0.5079331994056702,0.13287454843521118
provinces,-0.007856377400457859,-0.15256206691265106
friends,-0.2579360604286194,-0.06695959717035294
give,0.09369828552007675,-0.4026726186275482
late,0.5099097490310669,0.1282927393913269
english,-0.04591802880167961,0.1151958554983139
story,-0.09694930911064148,-0.1941157430410385
frontline,0.19797228276729584,0.044184744358062744
7,0.06501833349466324,0.3200201094150543
partnership,-0.20660419762134552,-0.06856712698936462
locsin,-0.4697645902633667,0.3910258412361145
frontliners,-0.013742095790803432,0.024188712239265442
bags,0.2578437924385071,0.34788236021995544
seen,0.1495285928249359,-0.21314917504787445
respect,-0.2894441485404968,-0.2772032916545868
sales,0.34530332684516907,0.1431586593389511
restrictions,-0.10060209035873413,-0.14249224960803986
published,-0.08511007577180862,0.07146969437599182
students,-0.07691449671983719,0.029662588611245155
fourth,-0.040425218641757965,0.248054638504982
per,0.3016026020050049,-0.08707024157047272
infection,0.37794989347457886,-0.014463505707681179
say,-0.08994391560554504,-0.3346487283706665
areas,0.02941449172794819,-0.17721368372440338
deputy,-0.3820006251335144,0.3517717719078064
opposes,-0.18315930664539337,-0.07296956330537796
terms,-0.027388259768486023,-0.09740681946277618
business,-0.14870081841945648,-0.10843245685100555
instead,-0.07094340026378632,-0.2839270532131195
holiday,0.1024356335401535,-0.03622361272573471
train,0.07704201340675354,-0.17035679519176483
months,0.27397504448890686,-0.042224135249853134
filipinos,0.15246792137622833,-0.10677463561296463
quotes,-0.4663389325141907,0.05376407876610756
needed,0.3392978310585022,-0.038732659071683884
progress,-0.018408278003335,-0.03441496938467026
starting,0.15378713607788086,0.197170227766037
ng,-0.0017569867195561528,0.08157117664813995
taken,0.2001194953918457,-0.1676396280527115
history,-0.12722860276699066,-0.19927869737148285
water,0.13714993000030518,-0.14468000829219818
real,-0.15219660103321075,-0.207809716463089
come,-0.23292270302772522,-0.23954446613788605
ensure,-0.011824549175798893,-0.31145960092544556
autonomous,-0.14917929470539093,-0.1756083369255066
materials,0.338242769241333,0.1372603327035904
annual,0.17190884053707123,0.07317116111516953
consulate,-0.042115967720746994,0.286298006772995
exclusive,-0.2527299225330353,0.28981462121009827
going,-0.008680052123963833,-0.3238898813724518
click,-0.26013195514678955,0.03691495209932327
meet,-0.15644480288028717,-0.1325756311416626
xinhua,-0.17897284030914307,0.07538812607526779
hungary,0.1966552734375,0.17592889070510864
lab,0.23618881404399872,-0.17949697375297546
firms,0.03289896622300148,-0.07897377759218216
europe,0.2398841828107834,-0.07454569637775421
stories,-0.26710471510887146,-0.17283689975738525
stop,-0.09039583802223206,-0.2333662509918213
actively,0.053055841475725174,-0.2675336003303528
stability,-0.3759550452232361,-0.23431846499443054
takes,-0.04567035287618637,-0.1979399472475052
given,0.47477033734321594,-0.08757517486810684
honor,-0.21329012513160706,-0.045214906334877014
medical_center,-0.2859533727169037,0.30576565861701965
confidence,-0.2997343838214874,-0.16336195170879364
show,0.05727562680840492,-0.17376835644245148
lunar,-0.024512629956007004,0.08596797287464142
education,-0.10991377383470535,0.046164270490407944
short,-0.09088444709777832,-0.08862437307834625
put,0.32865628600120544,-0.016127964481711388
fm,-0.19562524557113647,0.3380270004272461
ventilators,0.3456766903400421,0.3583144545555115
institute,0.4779950678348541,0.21181751787662506
mid,0.3093115985393524,0.1338716298341751
especially,0.09349746257066727,-0.25759804248809814
tests,0.31668153405189514,-0.004825401119887829
job,-0.07836627215147018,-0.2487417459487915
railway,-0.07903167605400085,0.044159650802612305
volunteers,0.2532044053077698,0.0856766551733017
cities,0.062060967087745667,-0.06866834312677383
strong,-0.271851122379303,-0.11743078380823135
typhoon,0.059713345021009445,-0.0006699807709082961
july,-0.14128990471363068,0.30770018696784973
ciie,-0.26722991466522217,0.002864057896658778
teddyboylocsin,-0.240553617477417,0.06091967597603798
n,0.4386242628097534,0.27114665508270264
simone,-0.23128898441791534,0.07341016829013824
markets,-0.251578152179718,-0.24488374590873718
the_national_health_commission,-0.2970011830329895,0.45536044239997864
space,0.1276041567325592,-0.05980036035180092
extend,-0.1312870979309082,-0.12608106434345245
energy,-0.026063837110996246,-0.03254125639796257
army,-0.06250814348459244,0.04909351095557213
sinovac_biotech_ltd,0.5509610176086426,0.32183709740638733
six,0.5462530851364136,-0.034168824553489685
goods,0.11918402463197708,0.08436126261949539
bureau,-0.13583892583847046,0.20754775404930115
above,0.3330664038658142,-0.12580516934394836
america,0.1966887265443802,-0.18105627596378326
nationalism,0.12765024602413177,-0.2128036618232727
why,-0.20216961205005646,-0.20798753201961517
military,-0.01947377808392048,-0.024256732314825058
paper,-0.010283002629876137,0.11341948062181473
trust,-0.24549953639507294,-0.24012379348278046
produced,0.5562000870704651,0.33979326486587524
sent,0.16544660925865173,0.06959838420152664
launch,-0.050179582089185715,-0.08661956340074539
record,0.07564084976911545,0.03139422461390495
calls,-0.25269535183906555,0.031893737614154816
wrong,-0.09972424805164337,-0.38340720534324646
forced,-0.19733448326587677,-0.22685253620147705
hard,-0.04894840344786644,-0.2707653045654297
batches,0.5093791484832764,0.29118794202804565
path,-0.14704561233520508,-0.14752927422523499
improving,-0.32277315855026245,-0.14630451798439026
forward,-0.11321673542261124,-0.05954571068286896
contribution,-0.07585553824901581,-0.16889367997646332
committee,-0.13296586275100708,0.1778707355260849
agreed,-0.125270277261734,-0.11397895216941833
stressed,-0.4177592396736145,0.02549886517226696
cotton,-0.1661895364522934,-0.1752200871706009
un,-0.3831179738044739,0.10935703665018082
chile,0.31330952048301697,0.2929905951023102
low,0.12804505228996277,-0.11622533202171326
protection,0.2732185125350952,-0.04456353187561035
ban,-0.19396856427192688,-0.10526442527770996
west,-0.10658116638660431,-0.1577615737915039
inoculation,0.4696996510028839,0.05033741518855095
congress,-0.1602497547864914,0.25693944096565247
distributed,0.3447658121585846,-0.13322260975837708
strategic,-0.3247034251689911,-0.0301210880279541
presidential,-0.1990724354982376,0.27589312195777893
without,-0.07442142814397812,-0.3622366786003113
industrial,0.07205824553966522,-0.11055479943752289
defense,-0.29161861538887024,0.3936370313167572
prosperity,-0.2181709110736847,-0.14787524938583374
sanctions,-0.19989514350891113,0.02418002486228943
quarantine,-0.06749488413333893,-0.1496208757162094
donate,0.45326709747314453,0.3425024151802063
li,-0.2652757167816162,0.3195280432701111
severe,0.3677195608615875,-0.2003127932548523
case,0.15022261440753937,-0.26482075452804565
began,0.17238415777683258,0.2648889422416687
shots,0.5517325401306152,0.19847004115581512
receiving,0.3821415901184082,0.09918851405382156
bring,0.0976472795009613,-0.298148512840271
co,0.07019446790218353,0.152086079120636
took,-0.1239098384976387,0.11095008254051208
trying,-0.12920181453227997,-0.33575642108917236
travel,-0.09451045840978622,0.06794019788503647
origin,0.09281308948993683,-0.33928146958351135
evidence,0.0290748979896307,-0.2462007850408554
several,0.25558504462242126,-0.02799857035279274
nothing,-0.02837618626654148,-0.38142409920692444
joined,-0.10075501352548599,0.28154441714286804
h,-0.10258854925632477,0.3342449963092804
large,0.19118903577327728,-0.10000072419643402
fair,-0.12165866047143936,-0.1460893750190735
ulysses,0.013505344279110432,0.046648576855659485
blame,-0.03901369124650955,-0.31857550144195557
final,0.054580871015787125,-0.11546582728624344
hon,-0.2745685875415802,0.3579702377319336
cebu,0.10498683154582977,0.415279746055603
realitycheck,-0.09921968728303909,-0.043933525681495667
district,0.02475677616894245,0.07412503659725189
red,-0.09030524641275406,0.10997462272644043
eyes,-0.21380074322223663,-0.05199934169650078
jabs,0.3405868709087372,0.04689357429742813
turned,0.07991334795951843,0.3358991742134094
nearly,0.4917733371257782,0.15129809081554413
saw,0.15948902070522308,-0.05137351527810097
ltd,0.10051555186510086,0.16466166079044342
achieved,0.23416587710380554,-0.24650926887989044
exports,0.1979893147945404,-0.01085179578512907
deaths,0.3841979205608368,0.18347810208797455
1st,0.42492154240608215,0.16194547712802887
studies,-0.027252143248915672,-0.010344195179641247
care,0.25417211651802063,0.06110181286931038
living,0.036850832402706146,-0.11050288379192352
county,-0.11204313486814499,-0.055433038622140884
shown,0.33884429931640625,-0.18829560279846191
olympics,-0.17460569739341736,0.07347089797258377
satellite,0.13751767575740814,0.009043249301612377
labor,-0.1260029673576355,-0.22299984097480774
passengers,0.22311614453792572,0.10909155756235123
enterprises,-0.08393196761608124,0.13114768266677856
association,-0.2628821134567261,0.07317902147769928
understanding,-0.24032221734523773,0.01290065422654152
benefit,-0.17243559658527374,-0.20732851326465607
chamber,-0.32267874479293823,0.5293301939964294
party,-0.1980758011341095,-0.11872917413711548
mark,-0.3919066786766052,0.3131103515625
building,-0.3622879683971405,-0.15250864624977112
deal,0.11866447329521179,-0.0012542767217382789
services,0.06842506676912308,-0.052167151123285294
improve,-0.1997658610343933,-0.12569908797740936
designed,0.2368733286857605,-0.11588937789201736
reach,0.44222530722618103,-0.01583382673561573
address,-0.23844067752361298,0.18287025392055511
green,0.023679522797465324,-0.18697522580623627
available,0.1846117377281189,-0.22177612781524658
behind,-0.16020433604717255,-0.1409420371055603
call,-0.3784632980823517,0.18811102211475372
rcep,-0.13005110621452332,-0.1472296416759491
closely,-0.22398139536380768,-0.1306343972682953
contributions,-0.061133503913879395,-0.2055828720331192
mission,0.08401324599981308,-0.07402816414833069
enter,0.22352510690689087,-0.1441836953163147
overseas,0.00641613407060504,0.003589209169149399
taking,-0.03418249264359474,-0.12105662375688553
main,0.036001771688461304,-0.01102817989885807
tested,0.2830044627189636,-0.23424626886844635
arrival,0.1492985337972641,0.38844165205955505
aiib,-0.04576154798269272,0.07482633739709854
comments,-0.235466867685318,0.3497709333896637
politicians,-0.15207110345363617,-0.06125279888510704
enhance,-0.06922846287488937,-0.08840951323509216
distribution,0.49023330211639404,-0.0322565920650959
everyone,-0.3540304899215698,-0.1778552383184433
continues,0.02106611244380474,-0.0606386624276638
york,0.10594288259744644,-0.2576397955417633
researchers,0.26743629574775696,0.02827301062643528
session,-0.1287018060684204,0.34752434492111206
twosessions,-0.11506772041320801,0.11054238677024841
agenda,-0.33370789885520935,0.10538440197706223
claims,-0.10962270945310593,-0.08769842982292175
questions,-0.015737073495984077,0.06435943394899368
home,-0.05447933450341225,-0.13352857530117035
successfully,0.22770440578460693,-0.0693112313747406
watch,-0.17578567564487457,-0.10252942144870758
complete,0.017265552654862404,-0.17693281173706055
cold,0.04722883179783821,-0.1427246630191803
the_chinese_new_year,-0.29463016986846924,0.23526620864868164
gratitude,-0.29413896799087524,-0.062191057950258255
e,-0.10456657409667969,0.3538157641887665
celebration,-0.18011921644210815,0.2815703749656677
italy,0.23978963494300842,-0.08678267896175385
peru,0.4248287081718445,0.1800219714641571
appreciation,-0.36588671803474426,0.14681307971477509
dpwh,-0.40529224276542664,0.29772287607192993
nucleic,0.5107311010360718,0.05097260698676109
choose,0.02534450963139534,-0.2869749069213867
multilateralism,-0.44853290915489197,0.0029799421317875385
highlight,-0.34464603662490845,0.1587762087583542
action,-0.1376170665025711,-0.07904049754142761
october,0.0623830184340477,0.17003396153450012
december,0.45531123876571655,0.28700560331344604
hand,-0.334852397441864,0.07344380766153336
suits,0.4271443486213684,0.2738212049007416
facing,0.007266032509505749,-0.16464124619960785
donates,0.18925023078918457,0.2880437672138214
exchanged,-0.5149927735328674,0.24573446810245514
factcheck,-0.1635810285806656,0.1502230167388916
ca,0.10983654111623764,0.014105647802352905
houston,-0.24620996415615082,0.00541823310777545
august,0.06363388150930405,0.5709778070449829
turnover,-0.11869223415851593,0.6554048657417297
siblings,-0.11217541992664337,-0.0636589452624321
produce,0.44873079657554626,0.07799000293016434
mars,0.18146035075187683,0.04192706570029259
conspiracy,0.1139591634273529,-0.15672968327999115
contain,0.12603574991226196,-0.43551599979400635
follow,-0.056501273065805435,-0.10028202086687088
actions,-0.0847308486700058,-0.11919845640659332
staff,0.21886232495307922,0.09178634732961655
supporting,-0.13517776131629944,0.037808485329151154
implementation,-0.14358258247375488,-0.004754353780299425
product,0.2003507912158966,0.07404307276010513
systems,-0.04403173178434372,-0.2307289093732834
southwest,-0.17452557384967804,0.16649140417575836
aged,0.3471451997756958,-0.02027861215174198
member,0.1682853102684021,-0.008131858892738819
americans,-0.048577986657619476,-0.1481393724679947
period,0.167179673910141,0.06887274235486984
closer,-0.23824775218963623,-0.16833601891994476
itself,-0.1116294264793396,-0.45172783732414246
experiences,-0.055281344801187515,-0.14597778022289276
parties,-0.1255161464214325,-0.13555023074150085
marks,-0.07730473577976227,-0.060372695326805115
brazilian,-0.03766975924372673,0.3341722786426544
needs,0.029460499063134193,-0.24698732793331146
plans,0.08410483598709106,0.018415918573737144
pilipinas,-0.12221713364124298,0.022590119391679764
assist,0.1636042296886444,-0.011428284458816051
jab,0.3445699214935303,0.226082444190979
normal,-0.10445500910282135,-0.09998627752065659
laban,-0.20771461725234985,0.17981909215450287
sa,-0.14943274855613708,0.031808171421289444
africa,-0.161858931183815,0.05786585435271263
titled,-0.32486405968666077,0.09759502112865448
holding,-0.18127943575382233,0.05849069356918335
achieve,0.05661312863230705,-0.2918180823326111
olympic,-0.011543845757842064,0.12415741384029388
singapore,-0.045428235083818436,-0.01947898231446743
picture,-0.014471820555627346,-0.044506318867206573
virtual,-0.448076993227005,0.10687541216611862
message,-0.21745391190052032,0.12009267508983612
phone,-0.2859375774860382,0.45198574662208557
environment,0.02275172434747219,-0.2648429274559021
run,0.0013594154734164476,-0.040017563849687576
economies,-0.032844047993421555,-0.3084266185760498
opportunities,-0.024818196892738342,-0.2540592849254608
inoculated,0.7713950276374817,0.07953077554702759
sign,0.07442626357078552,-0.04660956561565399
giant,0.0908285602927208,0.09621734917163849
6,0.013145622797310352,0.2077135145664215
consular,-0.06470996886491776,-0.011914128437638283
concern,-0.1363719403743744,-0.22073908150196075
laboratory,0.11611717194318771,-0.07617919892072678
cdc,-0.047652099281549454,0.12792566418647766
enjoy,-0.23244760930538177,-0.1591690629720688
include,0.20520448684692383,0.05413663014769554
mainland,0.48614317178726196,0.2813432812690735
state_council_information_office,-0.2190409153699875,0.2856113910675049
zero,0.06661706417798996,-0.1454848200082779
traditional,-0.061411891132593155,0.027412522584199905
created,-0.02814643271267414,-0.2483595460653305
away,-0.07616432011127472,-0.20199114084243774
npc,-0.18410250544548035,0.10796063393354416
present,-0.2755100131034851,-0.015580140985548496
spirit,-0.20295824110507965,-0.17914383113384247
davao,-0.20195475220680237,0.2544197738170624
highest,0.08255492150783539,-0.04783470928668976
problems,-0.10626416653394699,-0.23909325897693634
ability,-0.1499675065279007,-0.36028388142585754
service,-0.09396345168352127,0.09634677320718765
house,-0.16620531678199768,0.11146998405456543
independent,-0.38970524072647095,0.05047235265374184
push,-0.2580574154853821,-0.05498694255948067
thanked,-0.2561328411102295,0.38024914264678955
saying,0.03369671478867531,-0.13057297468185425
representatives,-0.331775039434433,0.25131550431251526
infections,0.18265469372272491,-0.1975312978029251
jr,-0.4447050094604492,0.43453237414360046
adverse,0.22458790242671967,-0.17639964818954468
washington,0.16438551247119904,-0.19017402827739716
necessary,-0.13915307819843292,-0.18453004956245422
serious,0.0944943055510521,-0.2425108700990677
comprehensive,-0.26352056860923767,-0.13241994380950928
potential,0.19408674538135529,-0.02430257387459278
successful,-0.11777856945991516,-0.0045651840046048164
medicine,0.1287192404270172,0.11884213238954544
yan,0.09419488906860352,0.009015652351081371
etc,0.16794273257255554,0.05092053860425949
happynewyear,-0.17031221091747284,0.09445538371801376
reached,0.18535834550857544,0.18519769608974457
chinese_new_year,-0.16029135882854462,-0.0350673608481884
seafood,-0.026481736451387405,-0.3314433991909027
letter,-0.13904212415218353,0.465781569480896
st,-0.18924619257450104,0.23522666096687317
covax,-0.007025763858109713,-0.08244937658309937
buy,0.33128780126571655,-0.14750494062900543
acid,0.4737759530544281,0.008397653698921204
commitment,0.06696859747171402,-0.1691443771123886
km,0.19705887138843536,0.16105008125305176
stand,-0.22216911613941193,-0.07837165892124176
pay,-0.17589916288852692,-0.15525144338607788
own,-0.11494363844394684,-0.19734731316566467
handed,0.06451026350259781,0.42540132999420166
cold_war,0.0019059256883338094,-0.293160080909729
few,-0.09930431097745895,-0.08721958100795746
threat,-0.02251262217760086,-0.309266597032547
mankind,-0.3806065320968628,-0.20769968628883362
temporary,0.04841849207878113,-0.08401307463645935
combat,0.16149497032165527,-0.05915503576397896
highly,-0.017224473878741264,-0.12554635107517242
sets,0.31823962926864624,0.3128734827041626
diagnosis,0.18102720379829407,-0.054205939173698425
goggles,0.298668771982193,0.19678542017936707
valuable,-0.19323448836803436,-0.06675032526254654
friendly,-0.21624302864074707,-0.16747479140758514
nine,0.19323931634426117,0.04139651358127594
policies,-0.19927789270877838,-0.17149430513381958
financial,-0.06731853634119034,-0.1791369915008545
purpose,-0.23655302822589874,-0.014189482666552067
purchase,0.5220623016357422,0.27743270993232727
biopharmaceutical,0.47831231355667114,0.3669777810573578
decades,0.10217102617025375,-0.05255883187055588
factory,0.14354443550109863,-0.14874224364757538
boost,0.13460661470890045,-0.21955642104148865
continued,-0.08685460686683655,-0.046655427664518356
vaccinations,0.33365774154663086,-0.06141677498817444
visa,0.019955800846219063,-0.023793010041117668
confrontation,-0.11427586525678635,-0.23196829855442047
award,-0.23674191534519196,0.20674076676368713
boat,-0.17091548442840576,0.08522901684045792
sector,0.08961156010627747,0.07011796534061432
light,0.015949318185448647,-0.10414633899927139
ang,-0.31886354088783264,0.1826813966035843
zhong_nanshan,0.040825311094522476,0.15352964401245117
named,0.23248112201690674,-0.08270764350891113
villar,-0.4807269275188446,0.3942042887210846
yet,0.05582619830965996,-0.3049549162387848
stable,-0.12683123350143433,-0.24194441735744476
became,-0.17659522593021393,0.1739782691001892
higher,0.2000078409910202,-0.10935422033071518
producers,0.4942165017127991,-0.06663461029529572
mobile,0.06379052996635437,-0.0021668700501322746
network,0.08917475491762161,-0.06728038936853409
shandong,-0.09155171364545822,0.08485176414251328
below,-0.24907071888446808,-0.054067615419626236
ocean,-0.26560714840888977,-0.047258514910936356
chairman,-0.2258799821138382,0.3388175666332245
infrastructure,-0.11166418343782425,-0.10767944902181625
cgtn,-0.19056174159049988,0.009222947061061859
imf,-0.001686565112322569,-0.012372828088700771
k,0.13949932157993317,0.2991119921207428
deep,-0.2579404413700104,-0.13737070560455322
cultural,-0.22928370535373688,-0.07402166724205017
pakistan,0.22797420620918274,0.08181420713663101
commission,-0.1279067099094391,0.332437127828598
fda,0.13092049956321716,0.1548043191432953
ice,-0.17789976298809052,-0.0324949212372303
terrorism,-0.1244296133518219,-0.31199344992637634
pm,0.1252364218235016,0.2983870208263397
eu,0.12258976697921753,0.06186269223690033
basic,-0.3002546727657318,-0.08953383564949036
officially,0.32980969548225403,0.05732601508498192
applications,-0.003329408820718527,-0.15534204244613647
place,-0.025654958561062813,-0.1632516235113144
union,0.08172675967216492,0.04046102240681648
administrative,-0.3990851044654846,-0.045135073363780975
origins,0.05580206215381622,0.09460340440273285
sar,-0.29714635014533997,0.003276094561442733
legislature,-0.20458880066871643,0.07955984771251678
rodrigo_duterte,-0.3572617471218109,0.39648565649986267
astrazeneca,0.61089026927948,0.05277901142835617
briefing,-0.36006537079811096,0.3221011161804199
afternoon,-0.07169633358716965,0.23291857540607452
southchinasea,0.04471403732895851,-0.14641012251377106
came,-0.060918331146240234,-0.007999604567885399
really,-0.12679024040699005,-0.3937503397464752
whole,-0.22552809119224548,-0.0939820185303688
ago,-0.1300099492073059,0.15333589911460876
regions,0.40463021397590637,-0.05351380631327629
maritime,-0.3380245864391327,-0.07093542814254761
donald_trump,-0.3935421109199524,0.2628539204597473
bbc,0.08378638327121735,-0.0709916353225708
hundreds,0.09401156008243561,-0.029747022315859795
reiterated,-0.4492262899875641,0.15825989842414856
joko_widodo,0.015311630442738533,0.312477171421051
rollout,0.37059375643730164,0.2984868884086609
process,0.2004774957895279,-0.06304419785737991
aircraft,0.08328796923160553,-0.33337822556495667
supports,-0.2258395552635193,-0.05076967552304268
provides,0.11114538460969925,-0.08899581432342529
vaccinate,0.2514320909976959,0.15199100971221924
question,-0.1793678253889084,0.22388394176959991
currently,0.18352045118808746,-0.14090460538864136
jose,-0.14111118018627167,0.05933122709393501
deeply,-0.07733714580535889,-0.2200278341770172
area,-0.26742684841156006,-0.15750765800476074
returned,-0.010407169349491596,-0.07227657735347748
conditions,0.012270864099264145,-0.3118388056755066
francisco_duque_iii,-0.39657557010650635,0.49954015016555786
metro,-0.13592557609081268,-0.006408788729459047
heart,-0.21960128843784332,-0.07601518929004669
details,-0.19621606171131134,-0.08790431916713715
snow,-0.19301357865333557,-0.16007818281650543
prevent,0.11479314416646957,-0.2812565267086029
trading,0.012463829480111599,-0.16000887751579285
serbia,-0.005624532233923674,0.12344063818454742
bgi,0.43708041310310364,0.16088446974754333
users,0.059025052934885025,-0.15538544952869415
rather,0.027834970504045486,-0.2045978456735611
calling,-0.3505088686943054,-0.16797509789466858
weeks,0.2357359528541565,0.16943423449993134
construction,-0.07203558087348938,-0.12517382204532623
weekend,-0.012804907746613026,-0.07750643044710159
russia,0.15037202835083008,0.10480993986129761
pfizer,0.4633578062057495,0.0015145479701459408
foundation,-0.16035579144954681,0.16024383902549744
santiago,-0.11067844182252884,0.13729572296142578
secure,0.007056254893541336,-0.04460516944527626
doing,0.015994545072317123,-0.20844024419784546
italian,0.15169523656368256,-0.04902058094739914
introduced,0.14487800002098083,0.003620682517066598
governance,-0.14966852962970734,0.025519894436001778
volume,0.1097995862364769,-0.05184982717037201
hold,-0.02505302056670189,0.0249740332365036
allow,-0.27301910519599915,-0.15383869409561157
helped,-0.08908428251743317,-0.31620997190475464
minutes,0.15919548273086548,-0.1150030717253685
fishing,-0.22103914618492126,0.10494031757116318
digital,-0.1888708770275116,-0.16046231985092163
able,0.15451447665691376,-0.3001566231250763
affected,0.05146757885813713,0.047448765486478806
ensuring,-0.08961661905050278,-0.19670450687408447
safeguard,-0.3500857651233673,-0.20153799653053284
china_international_import_expo,-0.16417701542377472,0.11695338040590286
foreigners,0.09773536026477814,-0.16051766276359558
expo,-0.28111714124679565,-0.16274742782115936
oct,-0.20047970116138458,0.22347600758075714
believed,-0.2735298275947571,-0.21510080993175507
negative,0.19554641842842102,-0.19023045897483826
threats,-0.11845043301582336,-0.244232177734375
ppes,0.12411130964756012,0.14317893981933594
dfa,-0.320410817861557,0.3818892240524292
purchased,0.6058429479598999,0.5359631180763245
celebrate,-0.2080485075712204,-0.022282550111413002
probe,0.15025238692760468,0.012013381347060204
actually,-0.07114281505346298,-0.15385708212852478
website,-0.050369296222925186,0.29498955607414246
tablets,-0.13208940625190735,0.27343663573265076
moreno,-0.0041688368655741215,0.27413153648376465
learning,-0.16122978925704956,-0.016796955838799477
success,0.09452146291732788,-0.08386380225419998
expanded,0.2635042071342468,0.11886203289031982
price,0.0785362645983696,-0.09827808290719986
statistics,-0.13634128868579865,0.23421946167945862
love,-0.1939900666475296,-0.10892055928707123
millions,0.012116988189518452,0.024759851396083832
visits,-0.16800779104232788,0.07891158759593964
indonesian,-0.2972247004508972,0.14242425560951233
small,-0.10681204497814178,-0.12619097530841827
changes,-0.20571283996105194,-0.14670050144195557
completion,0.0013350367080420256,-0.06414487957954407
traffic,-0.0783763900399208,-0.11349543929100037
trips,0.3351213037967682,0.23707836866378784
basis,0.020878909155726433,0.08476012200117111
breaking,-0.03508922457695007,-0.06743007153272629
review,0.05820765346288681,0.16552262008190155
committed,-0.1448136866092682,-0.18256686627864838
founding,0.0017368474509567022,0.17531344294548035
consumption,0.1915106624364853,0.056840091943740845
air,0.05641546845436096,0.06278763711452484
rapid,0.20839698612689972,-0.07899367809295654
lives,-0.07058320939540863,-0.06122712045907974
apcu,-0.3650130331516266,0.19125054776668549
promoting,-0.216727152466774,0.06802869588136673
play,-0.038248103111982346,-0.15798184275627136
rules,-0.01680365391075611,-0.2628898024559021
abroad,0.26342496275901794,-0.12151314318180084
internal,-0.35333970189094543,-0.11936261504888535
nor,-0.1319895088672638,-0.26027214527130127
comes,-0.15376563370227814,-0.2584124505519867
solar,-0.04111682251095772,-0.028698233887553215
highways,-0.3671337366104126,0.22941888868808746
duque,-0.3213713765144348,0.19705933332443237
deliver,-0.37548109889030457,0.010893327184021473
games,-0.06666896492242813,-0.08209072798490524
growing,0.044265348464250565,-0.1354222446680069
biden,-0.16828693449497223,0.16353578865528107
hua,-0.31434574723243713,0.32159242033958435
college,-0.052690405398607254,-0.06483522802591324
healthy,-0.25656571984291077,-0.16377803683280945
addressing,-0.2942203879356384,0.08758720010519028
shopping,-0.33793583512306213,0.009604262188076973
momentum,-0.0806533545255661,-0.23270604014396667
france,-0.04843037202954292,-0.036550287157297134
vaccinating,0.28373467922210693,0.009978937916457653
makes,0.14436282217502594,-0.18211276829242706
becoming,0.2157098948955536,0.16189095377922058
flight,-0.0014111899072304368,0.08127769082784653
belt,-0.11895401030778885,-0.10046819597482681
non,0.08611283451318741,-0.038705453276634216
medics,0.08465290069580078,-0.07836335152387619
fully,-0.06152351200580597,-0.08419612050056458
serbian,-0.2531982362270355,0.2903579771518707
interference,-0.3896035850048065,-0.01602960377931595
the_state_council,-0.24007512629032135,0.1541517674922943
intl,-0.11598046123981476,0.008578569628298283
likely,0.2928618788719177,0.07069508731365204
begin,0.2537398934364319,-0.06365634500980377
elderly,0.35401779413223267,0.10636484622955322
documentary,-0.0008844449184834957,-0.08845382183790207
outlets,-0.16653583943843842,-0.17468693852424622
organizations,0.06316425651311874,-0.0780254676938057
ii,-0.18211907148361206,-0.10060222446918488
zhao,-0.27152976393699646,0.17096436023712158
accusations,-0.08166031539440155,-0.11307206004858017
raised,0.1445361077785492,0.18425102531909943
thanks,-0.2538246810436249,0.2280585914850235
showing,0.10992351919412613,-0.0967647135257721
finance,-0.3677171766757965,0.23150907456874847
beginning,0.037444133311510086,-0.19687044620513916
society,-0.08448014408349991,-0.11398939043283463
develop,0.26115238666534424,-0.11813636869192123
disputes,-0.18949267268180847,-0.23577341437339783
differences,-0.2784639894962311,-0.13481904566287994
geopolitical,-0.14569014310836792,-0.2700563669204712
quality,0.0826248973608017,-0.039697349071502686
nationwide,0.2627536356449127,-0.0797642394900322
sars,0.08269748836755753,-0.07379934191703796
ahead,0.2341204583644867,-0.22622036933898926
various,-0.05208907648921013,-0.0066636898554861546
gave,-0.1794910728931427,0.11682582646608353
trip,-0.020300133153796196,-0.015236266888678074
meters,0.051106881350278854,-0.0318935327231884
sebastian,-0.24203379452228546,0.4166301488876343
zhang,-0.246201291680336,0.07370074093341827
adopted,-0.10011568665504456,-0.03139351308345795
consider,-0.033044926822185516,0.03187762200832367
zhou_youbin,-0.2500303387641907,0.32100793719291687
answers,-0.15631327033042908,-0.010539034381508827
establishment,-0.41679733991622925,0.23273971676826477
ceo,-0.02001078613102436,0.08317045122385025
outside,0.011772910133004189,-0.04031713679432869
getting,0.07982809096574783,-0.12259838730096817
roll,0.006346001289784908,-0.06849534809589386
conditional,0.46386685967445374,0.10635428875684738
re,-0.022232599556446075,-0.046458616852760315
victims,0.04429512470960617,-0.13715703785419464
ph,0.23827378451824188,0.03911707177758217
spreading,0.09261978417634964,-0.17612124979496002
me,-0.043786242604255676,-0.2633940279483795
ms,-0.1960882991552353,0.03337819501757622
keep,-0.15185001492500305,-0.25506874918937683
model,-0.20230570435523987,-0.15057002007961273
regulator,0.2266589105129242,0.12134759873151779
others,0.07679664343595505,-0.18831339478492737
massive,0.012565761804580688,-0.039314523339271545
decided,0.30818936228752136,0.17105475068092346
commercial,0.21747814118862152,0.003769392380490899
morocco,0.2724277973175049,-0.06561002135276794
move,-0.2450537234544754,-0.3447563946247101
wish,-0.3058123290538788,-0.21968235075473785
unity,-0.203745037317276,-0.177061527967453
donations,0.10693912208080292,-0.07313155382871628
quick,-0.07867705821990967,-0.23359030485153198
noted,-0.3163146376609802,0.010549429804086685
imported,0.2519295811653137,-0.1494320183992386
young,-0.15576906502246857,-0.1765822023153305
generation,-0.06451945006847382,-0.014593036845326424
davos,-0.41522395610809326,0.06827250868082047
academy,-0.02042575180530548,0.22857245802879333
multiple,0.015259516425430775,-0.08047929406166077
volunteer,0.061312850564718246,-0.23769986629486084
joining,-0.13397593796253204,0.1485472470521927
date,-0.05651428923010826,-0.09409602731466293
importance,-0.1931687593460083,-0.07036194950342178
malacaang,-0.35135239362716675,0.3931349217891693
died,0.2784905731678009,-0.0668194517493248
rise,0.11039797216653824,-0.189512699842453
huo,0.1384248286485672,0.036716341972351074
rail,-0.03893378749489784,-0.16817785799503326
meals,0.06664545834064484,-0.17644593119621277
big,-0.08804555982351303,-0.2007722556591034
scale,0.1535569131374359,-0.02119424194097519
immune,0.22287142276763916,-0.2857981324195862
oil,-0.06145981326699257,-0.1185762956738472
popular,-0.03417140617966652,-0.18809111416339874
inc,-0.17369617521762848,0.335809588432312
tons,0.3107883334159851,0.3201189339160919
investments,-0.12180489301681519,-0.23850774765014648
worth,0.3666832447052002,0.24873313307762146
manner,-0.19432076811790466,-0.2929394841194153
alibaba,0.2545439302921295,0.1229434385895729
border,-0.06302043050527573,0.0442807674407959
return,-0.012146763503551483,-0.2468308061361313
australia,-0.03221365064382553,-0.25981494784355164
discrimination,0.01922272890806198,-0.16459639370441437
nov,-0.10088645666837692,0.24967201054096222
lopez,-0.544643759727478,0.3926825523376465
deepen,-0.3081016540527344,-0.13477671146392822
facilitate,-0.22368840873241425,-0.0019674745853990316
appreciated,-0.35262590646743774,0.007126317825168371
bound,0.07372385263442993,-0.0813930556178093
technical,0.08322501182556152,-0.09179820865392685
luo,-0.38773155212402344,0.3422684669494629
winners,-0.05011419951915741,-0.10876072943210602
app,-0.36210930347442627,0.010631978511810303
concerned,-0.013427267782390118,-0.13877569139003754
antibody,0.25168928503990173,-0.06222828850150108
ideological,-0.1728632003068924,-0.14139409363269806
opportunity,-0.09173498302698135,-0.2468365877866745
neighbors,-0.15623484551906586,-0.21347099542617798
sept,-0.2041286677122116,0.3709808588027954
tackle,-0.007316150236874819,-0.18280215561389923
conversation,-0.30101278424263,0.3356509506702423
aug,-0.15882711112499237,0.39301183819770813
fighttogether,-0.1658928096294403,9.867864719126374e-05
art,-0.1372312307357788,-0.1816040575504303
assistant,-0.27227574586868286,0.30802688002586365
port,-0.01956787519156933,0.15298104286193848
locally,0.7442020773887634,0.5081162452697754
launching,-0.2802780866622925,0.15799859166145325
lines,0.12463490664958954,-0.020023684948682785
planet,0.1262657195329666,-0.06019147112965584
employment,-0.08601655066013336,-0.1421564519405365
sectors,-0.0720207616686821,0.1221245750784874
rest,-0.026749758049845695,-0.27817443013191223
vehicles,0.07873865962028503,-0.13600723445415497
officer,-0.2634819447994232,0.07026518881320953
article,-0.3249298632144928,0.1991635411977768
isko,0.055916041135787964,0.23354463279247284
increased,0.22701159119606018,0.10824452340602875
seven,0.3182917535305023,-0.08384010940790176
operations,-0.12850914895534515,-0.06345802545547485
name,-0.11477729678153992,0.012879862450063229
observers,0.29153311252593994,0.29996395111083984
ongoing,0.05646957829594612,0.020655807107686996
contact,-0.06829298287630081,-0.073567233979702
hall,0.09483155608177185,0.24535995721817017
body,-0.27331459522247314,0.03902146965265274
chinaus,-0.31191498041152954,0.026022156700491905
ll,-0.31231847405433655,-0.22957554459571838
officers,-0.047019824385643005,-0.03882366046309471
mln,0.5410163998603821,0.20533974468708038
prospects,-0.169296994805336,-0.28033530712127686
direct,-0.26432937383651733,0.1708376258611679
fdi,-0.21399472653865814,0.2226748764514923
glamorchina,-0.12375306338071823,-0.20426484942436218
remains,0.05389375612139702,-0.027251241728663445
the_communist_party_of_china,-0.05911047011613846,0.08437786251306534
term,0.048647768795490265,-0.061557576060295105
drive,0.08895700424909592,-0.10723254084587097
handling,-0.0802629292011261,0.1737164407968521
expansion,0.06447891891002655,-0.07902074605226517
worker,0.07463351637125015,0.09135761111974716
shares,-0.04834877699613571,0.19701172411441803
argentina,0.3513522148132324,0.11215303838253021
adding,-0.17194141447544098,-0.011790475808084011
chinaaid,0.008822589181363583,-0.012041552923619747
lie,-0.03228767216205597,-0.21052800118923187
estrella,-0.16675637662410736,-0.08439351618289948
pantaleon,-0.08226049691438675,-0.1353965550661087
previous,0.35856977105140686,-0.08310241252183914
ease,-0.07617095112800598,-0.15768581628799438
congestion,-0.08174239099025726,-0.0865531787276268
entered,0.37071287631988525,0.030588507652282715
nature,0.02221204899251461,-0.08196594566106796
towards,-0.21100927889347076,-0.03271450102329254
impact,0.2009165734052658,-0.06616365909576416
gets,-0.006225219927728176,0.2100931853055954
gross,0.13880260288715363,0.045267608016729355
farmers,-0.15691258013248444,-0.1610288918018341
save,-0.06234505772590637,-0.25362661480903625
carbon,-0.01932399906218052,-0.16618771851062775
dreams,-0.1338597685098648,-0.2732692062854767
rebound,0.11162266135215759,-0.1271108090877533
counterpart,-0.33985960483551025,0.22584174573421478
chunying,-0.2823825180530548,0.32088011503219604
participate,-0.02888086810708046,0.07572394609451294
programs,-0.07166853547096252,-0.3151470124721527
boao,-0.25656750798225403,0.10467956960201263
beyond,-0.04101353511214256,-0.31642258167266846
funded,0.03765394911170006,-0.008481113240122795
binondo,-0.24704833328723907,0.06737514585256577
track,0.00865441095083952,-0.3256087601184845
competition,-0.24889084696769714,-0.1399068534374237
steady,-0.00605736905708909,-0.06847434490919113
preventing,0.36771583557128906,0.07670316845178604
stands,-0.2895658612251282,-0.04623865336179733
claim,0.23709963262081146,-0.1891496628522873
woman,-0.07343324273824692,-0.07665234059095383
map,0.0951342061161995,0.08914565294981003
concerns,-0.23553816974163055,-0.08027186244726181
facebook,-0.21908636391162872,0.18960383534431458
nhc,-0.19909130036830902,0.28145694732666016
scenes,-0.03824295103549957,-0.014328265562653542
limited,0.15887001156806946,-0.0065449257381260395
although,0.1608310341835022,-0.1817472279071808
bri,-0.19963470101356506,-0.03297121450304985
expand,0.3450838327407837,0.067841075360775
vlogger,-0.15673473477363586,-0.09593608975410461
diplomacy,0.026492798700928688,-0.13676556944847107
beautiful,-0.09223385900259018,-0.0660422146320343
cansino,0.45318588614463806,0.19958488643169403
platforms,-0.002826521871611476,-0.010537026450037956
kilometers,0.18210150301456451,-0.018940486013889313
less,0.1747114658355713,-0.11035159975290298
pic,0.11733228713274002,0.12051507830619812
photo,-0.12585318088531494,0.0412745475769043
fifth,-0.08443953096866608,0.12654629349708557
looks,0.0545770600438118,-0.16534559428691864
fujian,-0.1823197454214096,0.11037948727607727
entire,0.10673464089632034,0.07537156343460083
highlighted,-0.2271205335855484,-0.10454126447439194
application,0.05742902681231499,-0.05135398730635643
standing,-0.08446148037910461,0.03172263130545616
tracing,0.02919638715684414,-0.06535393744707108
activities,-0.3254890739917755,-0.014498155564069748
pressure,-0.02811821736395359,-0.22259098291397095
northwest,-0.03663601726293564,-0.08855614066123962
wide,0.10312245786190033,-0.024841943755745888
democracy,-0.28750279545783997,-0.09867018461227417
scholars,-0.1758778840303421,-0.07878223061561584
hoping,0.10917075723409653,-0.010419565252959728
offer,0.18954938650131226,-0.13827629387378693
taiwan,0.02529868483543396,-0.04390862584114075
violations,-0.2324848473072052,-0.08922182768583298
fields,-0.19381074607372284,-0.1014845073223114
understand,-0.25100135803222656,-0.3356928527355194
think,-0.05869150906801224,-0.3363308608531952
judge,-0.1400727927684784,0.08691903948783875
self,0.06661397218704224,-0.1989685744047165
legal,-0.2663209140300751,-0.13190697133541107
solid,0.012363400310277939,-0.12029755860567093
accessibility,0.2458064705133438,-0.2528001070022583
moment,-0.05492069944739342,-0.0813622772693634
arrives,0.19016772508621216,0.15606233477592468
undermine,-0.2841460704803467,-0.27024802565574646
matthew,-0.1842590719461441,0.13685211539268494
legislation,-0.25572463870048523,-0.058168925344944
lead,0.022429844364523888,-0.30244898796081543
point,0.02385377511382103,0.04947274923324585
solve,-0.10841787606477737,-0.2523464858531952
sources,0.24931558966636658,-0.11408830434083939
colombia,0.24480149149894714,-0.034042179584503174
relationship,-0.060013365000486374,-0.3154987096786499
northern,-0.16472980380058289,0.07833841443061829
toward,-0.09917224198579788,-0.07670649886131287
personnel,0.11439257115125656,-0.03546042740345001
site,-0.014080215245485306,-0.03219681605696678
sovereignty,-0.19013424217700958,-0.18442124128341675
tells,-0.3040909767150879,0.10635403543710709
fake,-0.08715876936912537,-0.18015816807746887
unreasonable,-0.2240573763847351,-0.07751069217920303
protocol,-0.1216069683432579,0.10539835691452026
yang,-0.2642817795276642,0.05860587954521179
dialogue,-0.25605520606040955,0.011094794608652592
cov2,-0.028944842517375946,-0.058143965899944305
khairy,-0.5017182230949402,0.39559707045555115
matter,-0.04577121511101723,-0.41659432649612427
kind,-0.04742082580924034,-0.3650332987308502
possibility,0.05700387805700302,-0.08556362986564636
healthcare,0.23113617300987244,0.148611918091774
turn,-0.06161387637257576,0.14425338804721832
seeking,-0.13688814640045166,0.03305627405643463
freedom,-0.16327261924743652,-0.1977241486310959
laws,-0.17517715692520142,-0.1924930363893509
notice,0.09826827049255371,0.2553604543209076
regarding,-0.20755170285701752,-0.06994766741991043
offered,0.11732477694749832,0.040283817797899246
upon,0.03624096140265465,0.03832842409610748
starts,0.16045525670051575,0.11579570174217224
prioritize,-0.024548392742872238,-0.20553286373615265
sur,-0.19644610583782196,0.2146783024072647
rumors,0.02732461504638195,-0.3375454545021057
individuals,-0.1592162400484085,-0.13888958096504211
variant,0.30320921540260315,-0.12291543930768967
hopes,0.06623867154121399,-0.06306280940771103
attempt,-0.059767577797174454,-0.22853843867778778
internet,-0.1427621990442276,0.014582251198589802
observed,0.24734197556972504,-0.12377006560564041
li_keqiang,-0.19691959023475647,0.2432534545660019
standard,0.0623820424079895,-0.25288575887680054
reality,-0.13394217193126678,-0.22061370313167572
confident,0.20160408318042755,-0.0838359147310257
authorization,0.5579292178153992,0.14461319148540497
infected,0.32332760095596313,-0.024135390296578407
robert,-0.0651969239115715,0.13862602412700653
golden,-0.06780227273702621,-0.06299997121095657
rolled,0.03909160941839218,-0.09524155408143997
campaign,0.1750805824995041,-0.16465197503566742
govt,-0.08779730647802353,0.13005220890045166
problem,0.045967064797878265,-0.22743631899356842
samples,0.2105851024389267,-0.11975441128015518
land,-0.03614049404859543,-0.08832420408725739
reactions,-0.019388198852539062,-0.09640993922948837
mild,0.23353208601474762,-0.15895552933216095
conducted,0.09688474982976913,-0.10551124811172485
approach,-0.0602438859641552,-0.14757384359836578
regulatory,0.21349550783634186,0.07754971832036972
aleksandar,-0.24345733225345612,0.3060193359851837
larger,0.19127467274665833,-0.17550957202911377
platform,-0.026375778019428253,-0.03267408907413483
partner,-0.042238011956214905,-0.21953919529914856
centers,-0.019345881417393684,-0.23567865788936615
originated,0.18640360236167908,-0.19796209037303925
required,0.11111492663621902,-0.06027708947658539
greetings,-0.2933311462402344,0.20824405550956726
extended,-0.18674707412719727,0.010893141850829124
celebrating,-0.25725945830345154,0.16993044316768646
l,-0.2324286252260208,0.22632041573524475
elsewhere,0.1275901198387146,-0.048304233700037
applied,0.4326179325580597,0.040131986141204834
then,0.05690695345401764,-0.13570617139339447
river,0.020960621535778046,-0.010152109898626804
obtain,0.28752419352531433,-0.026229839771986008
c,-0.0991610512137413,0.17283062636852264
played,-0.24005426466464996,0.04065243899822235
resources,-0.05433051288127899,-0.23987120389938354
export,0.3906830847263336,-0.03549874573945999
approves,0.19817489385604858,0.1798616200685501
operation,-0.06263145059347153,-0.03948090597987175
speak,-0.011747271753847599,-0.12947814166545868
injection,0.38927561044692993,0.05493257939815521
inoculations,0.3903060555458069,0.09250508248806
consensus,-0.05351497605443001,-0.09428109973669052
course,-0.21792584657669067,-0.11944721639156342
myanmar,-0.055414412170648575,0.04879126697778702
gloria,-0.44757983088493347,0.33317285776138306
arroyo,-0.4370875060558319,0.3223445415496826
panel,0.04400147870182991,0.21683594584465027
north,-0.06182347610592842,0.038652580231428146
symptoms,0.15535739064216614,-0.09712626039981842
poor,-0.018656162545084953,-0.1680375188589096
operating,-0.035616159439086914,-0.2959848642349243
revenue,0.3313060700893402,0.1662331074476242
sta,-0.17639890313148499,0.15224215388298035
romana,-0.0862414687871933,-0.03354750573635101
animals,0.1586037576198578,-0.06353872269392014
inspiring,-0.2903008759021759,-0.11531517654657364
running,0.08517184853553772,-0.002107389736920595
position,-0.10465925186872482,-0.14817391335964203
cargo,-0.052240923047065735,0.000620529055595398
heroes,-0.13548345863819122,-0.2107996940612793
noting,-0.17066361010074615,0.07788532972335815
the_united_arab_emirates,0.24612946808338165,0.059430163353681564
experimental,0.44067806005477905,0.11961271613836288
qomolangma,-0.14275284111499786,0.09422614425420761
communities,-0.02337525226175785,-0.0356999970972538
packs,0.18111082911491394,-0.017531732097268105
until,0.27830344438552856,0.07180751860141754
council,-0.24588452279567719,-0.057931799441576004
half,0.4593685269355774,-0.0998922809958458
cross,-0.09340881556272507,0.08094493299722672
sample,0.08899030089378357,-0.1758999228477478
cope,0.13053560256958008,-0.08111467212438583
form,-0.17267414927482605,-0.10524830967187881
brics,-0.4068642556667328,0.04934759810566902
uphold,-0.42637404799461365,-0.11845295876264572
flu,0.10536769777536392,-0.21724535524845123
speeches,-0.31992676854133606,0.284114271402359
coordination,-0.34003129601478577,-0.0935228243470192
machine,0.08854547888040543,-0.1699775606393814
bolster,-0.09405063837766647,-0.12697860598564148
clear,0.010395667515695095,-0.2559131383895874
capability,0.05501065403223038,-0.08674830198287964
remembered,0.020448822528123856,-0.22345134615898132
clean,-0.051240019500255585,-0.09738706797361374
strengthening,-0.25741565227508545,-0.0375630222260952
training,-0.15762938559055328,-0.10709485411643982
luke,-0.20643235743045807,0.20037518441677094
biggest,-0.045699767768383026,-0.07205267250537872
coldwar,-0.03882492706179619,-0.22770504653453827
telephone,-0.34676527976989746,0.30782777070999146
earliest,-0.13287703692913055,-0.006173263303935528
le,-0.25171709060668945,0.34103256464004517
directly,-0.1800350695848465,0.004975271876901388
clothing,0.26962384581565857,0.11944994330406189
tide,-0.0022665851283818483,-0.054892804473638535
visayas,-0.20898520946502686,0.1919737458229065
marcos,-0.21993796527385712,0.23689615726470947
briefed,-0.34436118602752686,0.22721970081329346
undersecretary,-0.3128155767917633,0.35910385847091675
powerchina,-0.0842733085155487,0.13750597834587097
